AC11.01,PORTFOLIO.S1
AC11.01,R1.04
AC11.01,R1.16
AC11.01,R1.17
AC11.01,R2.04
AC11.01,R2.19
AC11.01,SAÉ1.01
AC11.01,SAÉ2.01
AC11.02,PORTFOLIO.S1
AC11.02,R1.03
AC11.02,R1.17
AC11.02,R2.19
AC11.02,SAÉ1.01
AC11.03,PORTFOLIO.S1
AC11.03,R1.14
AC11.03,R1.17
AC11.03,R2.16
AC11.03,R2.19
AC11.03,SAÉ1.01
AC11.03,SAÉ2.01
AC11.04,PORTFOLIO.S1
AC11.04,R1.05
AC11.04,R1.09
AC11.04,R1.17
AC11.04,R2.19
AC11.04,SAÉ1.01
AC11.05,PORTFOLIO.S1
AC11.05,R1.04
AC11.05,R1.17
AC11.05,R2.19
AC11.05,SAÉ1.01
AC11.06,R1.17
AC11.06,R2.03
AC11.06,R2.19
AC11.06,SAÉ2.01
AC12.01,R1.17
AC12.01,R2.01
AC12.01,R2.02
AC12.01,R2.05
AC12.01,R2.19
AC12.01,SAÉ2.02
AC12.02,R1.17
AC12.02,R2.05
AC12.02,R2.19
AC12.02,SAÉ2.02
AC12.03,PORTFOLIO.S1
AC12.03,R1.01
AC12.03,R1.02
AC12.03,R1.05
AC12.03,R1.06
AC12.03,R1.17
AC12.03,R2.01
AC12.03,R2.02
AC12.03,R2.19
AC12.03,SAÉ1.02
AC12.03,SAÉ2.02
AC12.04,PORTFOLIO.S1
AC12.04,R1.01
AC12.04,R1.02
AC12.04,R1.05
AC12.04,R1.06
AC12.04,R1.17
AC12.04,R2.01
AC12.04,R2.02
AC12.04,R2.05
AC12.04,R2.19
AC12.04,SAÉ1.02
AC12.04,SAÉ2.02
AC13.01,PORTFOLIO.S1
AC13.01,R1.07
AC13.01,R1.08
AC13.01,R1.17
AC13.01,R2.01
AC13.01,R2.02
AC13.01,R2.07
AC13.01,R2.10
AC13.01,R2.19
AC13.01,SAÉ1.04
AC13.01,SAÉ2.02
AC13.02,PORTFOLIO.S1
AC13.02,R1.09
AC13.02,R1.17
AC13.02,R2.01
AC13.02,R2.02
AC13.02,R2.09
AC13.02,R2.19
AC13.02,SAÉ1.03
AC13.02,SAÉ2.02
AC13.03,PORTFOLIO.S1
AC13.03,R1.17
AC13.03,R2.08
AC13.03,R2.09
AC13.03,R2.19
AC13.03,SAÉ1.03
AC13.03,SAÉ2.02
AC13.04,PORTFOLIO.S1
AC13.04,R1.01
AC13.04,R1.10
AC13.04,R1.17
AC13.04,R2.10
AC13.04,R2.19
AC13.04,SAÉ1.04
AC13.04,SAÉ2.02
AC13.05,R1.17
AC13.05,R2.08
AC13.05,R2.19
AC13.05,SAÉ2.02
AC13.06,PORTFOLIO.S1
AC13.06,R1.14
AC13.06,R1.17
AC13.06,R2.10
AC13.06,R2.19
AC13.06,SAÉ1.03
AC13.06,SAÉ1.04
AC13.06,SAÉ2.02
AC14.01,PORTFOLIO.S1
AC14.01,R1.11
AC14.01,R1.12
AC14.01,R1.13
AC14.01,R1.17
AC14.01,R2.19
AC14.01,SAÉ1.05
AC14.01,SAÉ2.03
AC14.02,PORTFOLIO.S1
AC14.02,R1.11
AC14.02,R1.17
AC14.02,R2.12
AC14.02,R2.19
AC14.02,SAÉ1.05
AC14.02,SAÉ2.03
AC14.03,PORTFOLIO.S1
AC14.03,R1.12
AC14.03,R1.17
AC14.03,R2.13
AC14.03,R2.19
AC14.03,SAÉ1.05
AC14.03,SAÉ2.03
AC14.04,PORTFOLIO.S1
AC14.04,R1.13
AC14.04,R1.17
AC14.04,R2.15
AC14.04,R2.19
AC14.04,SAÉ1.05
AC14.04,SAÉ2.03
AC14.05,R1.17
AC14.05,R2.13
AC14.05,R2.14
AC14.05,R2.19
AC14.05,SAÉ2.03
AC14.06,R1.17
AC14.06,R2.11
AC14.06,R2.19
AC14.06,SAÉ2.02
AC15.01,PORTFOLIO.S1
AC15.01,R1.15
AC15.01,R1.17
AC15.01,R2.17
AC15.01,R2.19
AC15.01,SAÉ1.06
AC15.01,SAÉ2.02
AC15.02,PORTFOLIO.S1
AC15.02,R1.15
AC15.02,R1.16
AC15.02,R1.17
AC15.02,R2.17
AC15.02,R2.19
AC15.02,SAÉ1.06
AC15.02,SAÉ2.02
AC15.03,PORTFOLIO.S1
AC15.03,R1.15
AC15.03,R1.17
AC15.03,R2.17
AC15.03,R2.18
AC15.03,R2.19
AC15.03,SAÉ1.06
AC15.03,SAÉ2.02
AC15.04,R1.17
AC15.04,R2.19
AC15.04,SAÉ2.02
AC15.05,R1.06
AC15.05,R1.17
AC15.05,R2.19
AC15.05,SAÉ2.04
AC15.06,PORTFOLIO.S1
AC15.06,R1.01
AC15.06,R1.02
AC15.06,R1.06
AC15.06,R1.17
AC15.06,R2.06
AC15.06,R2.19
AC15.06,SAÉ1.06
AC15.06,SAÉ2.02
AC15.07,PORTFOLIO.S1
AC15.07,R1.01
AC15.07,R1.02
AC15.07,R1.17
AC15.07,R2.06
AC15.07,R2.19
AC15.07,SAÉ1.06
AC15.07,SAÉ2.02
AC15.07,SAÉ2.04
